replicas,virtual users,node response,failed rate,http reqs,http req duration (95%)
5,25,3.287552,0.0,7500,33.020941
5,33,5.425694444440737,0.17,9901,41.47
5,50,4.437257,0.0,15000,37.775932
5,75,5.052691,0.0,22500,36.691985
5,83,7.64166666666523,0.0,24901,37.09
5,100,10.377083333332862,0.11,29999,43.19
5,125,7.100513,0.0,37500,42.002318
5,250,16.468750000000583,0.0,75001,46.12
5,375,17.360432,0.0,112500,64.859496
5,500,29.93541666666715,0.0,150001,124.04
5,625,29.521043,0.0,187500,232.875846
5,750,46.55833333333551,0.0,224520,608.13

